{"dynamics_mode":"all_negative","alpha_grid":[0,0.1,0.2,0.3,0.4,0.5,0.6,0.7,0.8,0.9,1],"B":[[[-0.07003676150932261,-0.03785424294381897,-0.015884574457864748,-0.3751112938826647],[-0.11416222273680797,-0.1374996997482349,-0.2181050616190367,-0.11885475906589948],[-0.09146496359219132,-0.15611959166528255,-0.20135891506705375,-0.12437700090869748],[-0.11831014805993119,-0.21831404334771543,-0.16446845549178368,-0.14415587046570594]],[[-0.3152426456726941,-0.07268599406639344,-0.006628587171820636,-0.4246836977921465],[-0.02560004251661233,-0.36173339008874206,-0.35147413531369986,-0.13263619335593685],[-0.5400825704737775,-0.3187878329228886,-0.49793471479027385,-0.3707243759271798],[-0.14404748790584848,-0.016255928334036218,-0.05945979019889363,-0.2445862867132311]],[[-0.16230270264997543,-0.0769276827940807,-0.03386582833448018,-0.009786067807924258],[-0.21705055525521968,-0.6367791892538437,-0.28774843996600763,-0.2860733734942913],[-0.342296686407307,-0.045963863753827716,-0.196867623792403,-0.20894068886003234],[-0.2071469196942548,-0.18662188904665156,-0.031740885035647634,-0.1461461159311372]],[[-0.2150054642242991,-0.12598203457733478,-0.016693488814115007,-0.025575357074755455],[-0.009538537261447395,-0.09863315594849772,-0.3213213060053551,-0.20966854751992475],[-0.12325962380404512,-0.19116433341700384,-0.212003932847001,-0.039456216775865825],[-0.10932382639772042,-0.06428288654609546,-0.17510480641325998,-0.11678562404387434]]],"P_taylor_grid":[1.3912090858614095,1.8180231238529616,2.244837161844514,2.6716511998360666,3.098465237827619,3.5252792758191713,3.9520933138107233,4.378907351802276,4.8057213897938285,5.232535427785381,5.659349465776933],"sigmaB":1,"Q_taylor_grid":[0.0,0.28296747328884664,0.5659349465776933,0.8489024198665399,1.1318698931553866,1.414837366444233,1.6978048397330798,1.9807723130219266,2.263739786310773,2.54670725959962,2.829674732888466],"sigmaA":1,"x_star":[1,1,1,1],"A":[[-0.24902053637809762,-0.2547122293015008,-0.07676061737459285,-0.29603864511316363],[-0.12771864099270888,-0.06819402245054344,-0.5752305789788574,-0.9253939191103057],[-0.014542545118543325,-0.22156419125223184,-0.5029125078108552,-0.9734263135056604],[-0.8166311465196542,-0.18713404178027904,-0.2698762489441051,-0.005680158814537783]],"alpha_eff_taylor_grid":[0.0,0.1346828841946252,0.20134501295281956,0.24112753605447135,0.26756033697320175,0.28639756283082407,0.30050184863388385,0.31145787483254944,0.320213907385532,0.32737213144531657,0.3333333333333333],"scan_results":[{"alpha":0,"directions":[],"alpha_idx":1},{"alpha":0.1,"directions":[],"alpha_idx":2},{"alpha":0.2,"directions":[],"alpha_idx":3},{"alpha":0.3,"directions":[],"alpha_idx":4},{"alpha":0.4,"directions":[],"alpha_idx":5},{"alpha":0.5,"directions":[],"alpha_idx":6},{"alpha":0.6,"directions":[],"alpha_idx":7},{"alpha":0.7,"directions":[],"alpha_idx":8},{"alpha":0.8,"directions":[],"alpha_idx":9},{"alpha":0.9,"directions":[],"alpha_idx":10},{"alpha":1,"directions":[],"alpha_idx":11}],"n_dirs":128,"scan_config":{"scanned_dir_start":1,"max_pert":1000,"alpha_grid":[0,0.1,0.2,0.3,0.4,0.5,0.6,0.7,0.8,0.9,1],"x_tol":1.0e-9,"max_bisection_iters":8,"scanned_dir_end":128,"preboundary_fraction":0.99,"param_tol":1.0e-9},"model_idx":1,"U":[[0.3096365757995752,0.9570432410257241,-0.2945655907276231,0.3659300182511207,0.06395507955225786,0.012547372831793458,-0.5344765147322528,-0.16072205815315066,-0.41086976585976354,-0.7942417768204783,-0.34589720596138285,-0.17383549021125827,0.16966519871750957,-0.770801533237568,0.633468142689869,-0.5650303634306285,0.900195900462834,-0.4204901125510017,0.009465687495474691,0.09533781318171868,-0.20146639779806252,-0.0172009518104151,0.7561148618257967,-0.3482453981413598,-0.18599030610690157,-0.3868543310123712,0.8508900494499674,-0.8917302467259262,0.0937460294507399,-0.08037065038127816,0.8391788878138029,0.09271639835499848,0.18978297664924942,0.18914302677414305,0.5334244279679102,0.38041756069257426,-0.13212559631640877,-0.11462697802105382,-0.12261026413604645,0.8181500585451298,0.8709798722377976,-0.6810540168678376,-0.47498985257479076,0.8264711231855818,-0.4469988581671627,0.3776379236704597,-0.29363243293190966,-0.611249709208996,-0.8901227276047062,0.17077576262735142,-0.572457173323083,0.44739489182897596,-0.5147188945675047,-0.7555075019834275,0.7234345419438042,0.4538254906388975,0.2977999477958488,-0.6328174853517293,0.17306238306788882,-0.6438570852313928,0.5576834156601694,-0.752822324587135,-0.1378042528445902,0.8201043162194065,0.2940783610307225,-0.032464994863896715,-0.7269665683217484,-0.29609243598007995,-0.3226572200277908,-0.32747416302751337,0.5539017899712835,-0.16592565980882404,0.37280066110902804,0.8766750701844191,0.16545767717326548,0.3693543949968101,0.8966951502975787,0.6088706970759996,-0.6707798784903957,-0.24209960723610424,-0.8303481473605515,0.48168506276647,0.7821563922916865,-0.9258096110972172,-0.14446464304054488,-0.017686029367343377,0.5276949979837324,-0.3571230666961673,-0.16267447743951477,0.031778841214757166,-0.5796327636416585,-0.21501744159371222,-0.30752409477445186,-0.8615243909526449,0.9822897679081952,0.5587720907275062,0.688160669961092,0.09691939232379598,-0.15313526450743367,0.5458596361229476,-0.3933664757247136,-0.373024443968129,0.19064006333858752,-0.04687543489503703,0.30178301755179254,0.2606488309253982,-0.3730213673880538,0.3813106486347143,0.9330278066447444,-0.715399615028056,-0.5916526849848591,-0.5661443780374,0.6593721010154119,-0.19810070246407172,0.1607194966154901,-0.5928961340190342,-0.09028237811083804,0.4831993574070455,0.7426413671139195,-0.0836157059233166,-0.8245690486867325,-0.3378817356495126,-0.7860236140710712,0.48122553612644736,0.8171248510053285,-0.07139732989097285,-0.4393889552341712,-0.9564954234089027],[0.4040366868679518,-0.1482329675388525,0.05292742255838542,0.9125164846139383,0.610017299488827,0.5482714671167949,-0.1013035214308823,0.4362158407674756,0.4880178201296891,-0.044097456271099206,-0.4917651543887792,0.2114671796827463,-0.969402654479772,-0.33457800579684,0.1556797766998416,0.1463300741367966,-0.27531741089240214,0.49339692245886463,0.4454832106610484,0.3166565808405561,-0.2649789299083033,0.999124494998221,-0.18479867612119733,-0.09046793837885468,-0.003885938577565925,0.5707244090879909,-0.3709876490794222,0.3396412267085427,-0.0990721238928104,-0.2867598795148445,-0.10704762891158846,-0.33901279822575275,-0.5734779820248258,-0.1875694231659844,0.8422879558848723,0.3862319156697259,0.005737741103323746,0.5083829240207753,0.5172716171745732,0.26471534077834663,0.083655864339943,-0.563463206542319,0.6920427577715768,0.27163913396946304,0.48218383729650066,0.5907455031818649,0.7429235027092873,-0.5814606577766573,0.18314188000484855,-0.5986247127042671,0.37000570697487983,0.749083930470434,-0.7083189054938438,0.5785643258919394,0.3505952688240699,-0.47322198727959325,-0.5377291910915523,-0.03767800262942334,0.7698855097328414,0.1751145336967864,-0.447283724714118,-0.5811517912951779,0.1125704384622124,-0.044486889947428394,0.19526097728817252,0.5973953788677837,0.03624538741737436,-0.5620446508487739,-0.32938821749151265,-0.8616913226967592,-0.7420615729698503,-0.6513090172478848,0.039769621960312994,0.4702127641320699,-0.9177460644979013,0.19975907560884398,-0.06501892451034112,0.6146537519556704,-0.009863687454724653,-0.602598486625871,0.3555754641604638,0.6576505023348642,0.351173023074723,-0.3414873633842136,0.9770402953824535,-0.22413590564575453,0.4554090151615529,0.12396435963455717,0.5751741881493833,0.04789705120218351,0.8070668630607531,0.9086150282843075,0.2811439758323199,-0.1075464143601958,-0.18546777884934776,0.1309323765994857,-0.09512264310596195,-0.5752835415879552,-0.010013044631315256,0.5754530069667674,-0.7865307086578441,-0.8628987898807752,-0.6611095685377466,0.7598232799704352,0.866654420771748,-0.24511218116152644,-0.30812821129285156,-0.2882083433867429,0.17414210556147375,0.3913064711096202,0.7105998416420459,